wavelength,1,2,3,4,5,6,7,8,9,10
340.51,101,38,16,9,4,1,4,-2,-2,-1
340.963,102,38,22,9,10,5,3,2,2,2
341.416,105,46,17,13,7,8,6,2,0,3
341.87,113,46,21,15,10,9,9,8,6,2
342.323,119,48,26,15,10,4,11,6,4,2
342.776,119,51,21,15,10,10,8,3,3,2
343.23,123,47,23,10,7,8,1,-1,4,1
343.683,126,52,19,12,9,13,9,3,4,3
344.137,132,54,24,15,10,5,7,7,4,4
344.59,138,54,22,13,8,5,2,3,1,-2
345.044,140,54,24,19,14,4,5,9,3,5
345.497,146,61,28,19,12,7,8,4,2,5
345.951,151,62,24,16,10,6,8,0,2,4
346.405,159,66,29,21,12,10,9,9,4,1
346.858,170,72,32,20,15,11,7,4,1,1
347.312,175,67,32,17,9,7,8,2,2,0
347.766,176,71,37,19,16,12,8,6,7,7
348.22,197,80,34,24,19,15,12,5,4,5
348.674,197,76,33,18,10,5,10,3,2,-4
349.128,217,89,42,23,24,15,8,9,6,6
349.581,232,89,46,26,20,11,6,6,2,2
350.035,243,102,43,31,21,17,14,11,5,8
350.489,266,107,45,30,21,14,11,5,8,0
350.944,281,117,50,33,26,17,11,10,5,5
351.398,311,133,55,35,26,17,16,11,7,8
351.852,354,145,60,41,28,22,16,10,7,7
352.306,409,170,80,46,30,22,16,10,14,9
352.76,481,202,90,58,37,29,20,17,9,7
353.214,590,248,104,70,48,35,22,18,11,5
353.669,744,312,133,85,61,40,26,19,14,9
354.123,985,413,183,113,77,57,38,32,22,19
354.577,1313,548,236,149,103,72,52,43,27,21
355.032,1722,718,311,202,139,104,69,53,34,29
355.486,2193,915,395,253,174,122,87,64,42,31
355.941,2899,1207,527,340,232,166,116,79,59,41
356.395,3636,1512,667,422,282,200,144,103,74,58
356.85,4460,1856,809,511,353,248,176,127,85,67
357.304,5453,2253,981,625,425,296,209,152,103,75
357.759,6682,2784,1214,768,519,372,258,191,133,99
358.213,7908,3287,1433,908,619,434,302,219,154,115
358.668,9416,3939,1718,1089,738,516,358,263,179,136
359.123,11001,4629,2013,1276,867,606,422,309,210,153
359.578,12524,5308,2303,1461,990,697,478,356,241,175
360.032,14287,6154,2690,1703,1152,812,564,414,285,212
360.487,14883,7148,3128,1979,1339,943,646,479,329,242
360.942,14883,8304,3632,2294,1550,1095,751,557,380,282
361.397,14883,9242,4058,2564,1736,1223,847,623,433,317
361.852,14883,10662,4704,2981,2008,1409,979,722,497,363
362.307,14883,11861,5289,3344,2258,1583,1091,803,552,404
362.762,14883,13337,6015,3795,2567,1802,1250,914,629,465
363.217,14883,14883,7164,4529,3064,2151,1479,1090,756,553
363.672,14883,14883,8031,5110,3453,2422,1672,1227,844,622
364.127,14883,14883,9169,5841,3948,2766,1907,1406,964,712
364.583,14883,14883,10511,6712,4559,3184,2198,1616,1110,814
365.038,14883,14883,11539,7393,5011,3514,2416,1773,1220,896
365.493,14883,14883,12107,7811,5289,3701,2554,1872,1288,945
365.948,14883,14883,12793,8286,5616,3944,2706,1986,1363,999
366.404,14883,14883,13296,8636,5858,4108,2827,2071,1426,1040
366.859,14883,14883,13223,8585,5822,4083,2806,2053,1403,1032
367.314,14883,14883,12884,8344,5657,3965,2723,2000,1371,1006
367.77,14883,14883,12598,8149,5520,3875,2664,1951,1341,985
368.225,14883,14883,11980,7701,5226,3668,2521,1850,1274,929
368.681,14883,14883,11484,7367,4991,3497,2408,1766,1218,889
369.136,14883,14883,10992,7054,4767,3342,2299,1692,1154,850
369.592,14883,14883,10148,6475,4385,3068,2118,1554,1063,786
370.048,14883,14883,9747,6200,4203,2942,2028,1498,1022,753
370.503,14883,14883,9288,5913,4000,2806,1933,1425,977,716
370.959,14883,14883,8702,5533,3754,2631,1804,1337,911,670
371.415,14883,14883,8261,5256,3547,2485,1720,1263,866,641
371.871,14883,14883,7894,4990,3379,2362,1635,1202,826,610
372.326,14883,14883,7421,4702,3174,2229,1532,1128,777,569
372.782,14883,14883,7001,4439,2996,2112,1446,1072,737,537
373.238,14883,14158,6486,4108,2779,1943,1342,984,672,495
373.694,14883,13751,6279,3978,2682,1881,1291,957,657,485
374.15,14883,12626,5707,3601,2441,1709,1179,867,598,438
374.606,14883,11983,5387,3407,2306,1615,1112,825,563,412
375.062,14883,11074,4944,3140,2115,1491,1022,748,516,377
375.518,14883,9908,4399,2777,1886,1316,906,671,458,342
375.974,14883,9428,4177,2644,1781,1255,862,638,432,323
376.43,14883,8184,3620,2283,1546,1088,749,552,377,275
376.887,14883,7865,3469,2195,1485,1045,718,529,365,270
377.343,14883,6806,3004,1902,1285,902,626,457,313,233
377.799,14883,6516,2880,1817,1236,872,599,442,310,223
378.255,13765,5816,2567,1617,1100,772,535,392,269,197
378.712,12959,5440,2400,1522,1028,727,499,374,252,186
379.168,11900,4969,2195,1390,945,666,457,336,234,169
379.625,11110,4598,2032,1290,875,611,423,310,213,158
380.081,10792,4467,1966,1249,844,600,411,302,211,153
380.538,10123,4169,1836,1163,792,555,384,281,188,142
380.994,9136,3740,1658,1049,716,501,347,256,174,130
381.451,8840,3627,1604,1018,688,488,335,247,170,124
381.907,7981,3261,1449,915,623,442,301,228,156,113
382.364,7645,3131,1385,878,599,419,289,216,147,109
382.821,6989,2850,1267,801,544,387,266,194,134,97
383.277,6549,2663,1183,750,512,355,248,178,121,89
383.734,6045,2459,1092,696,471,327,227,167,112,88
384.191,5303,2165,961,612,415,287,203,146,102,72
384.648,5141,2091,929,595,403,283,196,147,103,76
385.105,4656,1896,843,536,371,260,175,129,94,71
385.562,4136,1682,753,473,328,229,159,118,78,58
386.018,3912,1595,710,452,311,219,147,113,74,56
386.475,3605,1478,656,417,287,201,136,103,69,49
386.933,3407,1391,622,397,270,186,131,97,65,47
387.39,3207,1309,587,372,258,177,125,92,63,44
387.847,3040,1239,563,355,246,169,116,87,61,51
388.304,2778,1141,510,323,223,155,111,83,55,42
388.761,2736,1118,504,322,220,153,105,79,55,39
389.218,2487,1014,452,290,200,140,94,73,52,30
389.675,2476,1016,455,292,196,139,99,70,50,33
390.133,2250,923,414,266,181,127,90,67,48,35
390.59,2134,867,386,248,168,116,79,56,36,27
391.047,1948,797,359,229,160,113,74,56,36,25
391.505,1848,757,340,215,153,104,72,53,35,33
391.962,1687,695,316,200,145,100,67,48,34,32
392.42,1587,648,289,185,131,92,63,47,31,24
392.877,1460,599,273,170,118,78,55,41,28,21
393.335,1314,538,246,158,106,80,51,41,29,23
393.792,1222,502,223,142,96,68,53,34,22,18
394.25,1123,466,209,137,95,64,47,38,24,17
394.708,1056,441,201,126,90,62,44,32,21,17
395.165,963,395,180,114,75,56,37,29,19,17
395.623,900,367,164,108,69,51,36,29,19,17
396.081,877,359,161,103,74,50,34,25,17,18
396.539,815,339,153,96,70,46,34,25,14,11
396.997,765,317,146,91,61,40,33,27,14,7
397.454,699,285,130,84,56,41,27,22,16,13
397.912,704,293,134,84,57,46,30,25,13,10
398.37,690,282,128,85,59,40,30,20,15,17
398.828,633,263,118,77,54,36,27,23,14,12
399.286,631,261,116,76,54,39,24,22,9,9
399.745,574,233,107,68,47,35,24,14,15,7
400.203,551,225,100,65,45,28,25,18,12,13
400.661,502,208,92,56,39,25,16,17,8,4
401.119,478,200,89,57,38,30,18,13,9,8
401.577,439,182,78,53,34,27,22,13,6,6
402.035,414,172,82,51,41,27,20,15,11,6
402.494,374,151,69,43,32,22,14,10,7,8
402.952,352,145,64,41,29,23,17,11,12,8
403.411,324,134,61,40,25,17,10,10,8,2
403.869,289,123,56,37,25,21,16,12,4,4
404.327,288,118,54,38,25,20,20,13,9,6
404.786,259,110,47,32,22,14,12,11,6,6
405.244,249,107,43,28,16,15,12,8,2,1
405.703,235,99,46,36,19,17,12,6,7,5
406.162,220,95,44,27,17,14,13,10,7,1
406.62,215,86,39,24,16,9,10,5,0,0
407.079,201,84,38,23,16,13,11,9,3,4
407.538,199,84,38,28,21,17,11,8,5,5
407.996,194,81,35,23,14,11,8,6,4,6
408.455,189,80,35,20,17,11,12,10,8,6
408.914,181,79,36,26,20,16,10,9,9,6
409.373,172,69,32,19,12,9,6,5,1,3
409.832,163,69,27,18,10,9,3,-1,2,4
410.291,161,69,31,19,14,14,6,6,7,2
410.75,150,66,33,24,14,13,8,4,1,2
411.209,147,60,28,14,16,9,8,4,1,4
411.668,141,58,27,19,13,10,15,10,5,9
412.127,127,54,24,20,9,12,12,5,3,2
412.586,118,49,20,11,10,4,5,0,0,-1
413.045,118,48,21,17,13,7,7,10,6,2
413.504,113,50,26,15,14,11,9,5,4,3
413.964,105,42,17,15,8,10,7,4,5,-1
414.423,98,44,18,16,11,7,10,3,9,4
414.882,93,39,20,15,11,9,5,6,-1,0
415.342,88,40,20,15,12,8,8,4,2,5
415.801,91,36,17,10,8,9,4,6,5,4
416.261,81,38,17,12,8,9,8,6,9,2
416.72,80,34,18,10,10,10,3,4,4,-1
417.18,78,33,17,11,9,7,10,5,4,4
417.639,78,30,18,7,11,7,3,4,0,0
418.099,73,24,14,8,3,2,4,-1,0,-1
418.558,72,34,11,8,1,5,2,3,-1,-1
419.018,68,31,16,8,7,4,0,2,0,4
419.478,64,31,14,10,12,7,7,4,2,4
419.937,71,30,16,12,11,11,4,5,1,5
420.397,74,27,11,13,10,7,10,1,-1,4
420.857,72,32,13,14,12,6,5,3,4,8
421.317,65,33,16,10,11,8,2,4,2,-1
421.777,65,25,15,9,9,5,4,6,2,2
422.237,63,29,13,7,7,4,3,5,2,6
422.697,61,24,7,10,5,0,0,0,-1,1
423.157,59,22,9,9,7,1,5,-1,3,2
423.617,63,24,18,9,10,7,6,10,2,5
424.077,55,23,11,7,10,3,5,6,2,4
424.537,54,24,16,8,8,2,4,1,-1,3
424.997,50,24,8,9,7,6,6,4,0,6
425.457,48,21,12,10,7,7,5,2,3,-2
425.917,48,24,8,8,7,0,4,4,0,2
426.378,54,24,15,12,10,5,7,6,7,7
426.838,50,23,11,8,5,5,2,2,0,3
427.298,46,25,9,9,4,4,3,-3,4,-2
427.759,43,22,12,9,9,6,4,0,3,2
428.219,39,13,6,1,1,-3,0,-4,-6,-4
428.68,45,19,10,6,7,3,0,3,3,4
429.14,41,20,13,9,7,6,1,1,4,-1
429.601,53,24,9,10,9,7,8,6,5,2
430.061,41,19,12,10,10,7,6,3,3,4
430.522,45,18,11,6,4,2,0,3,2,1
430.983,42,15,12,8,5,5,3,2,0,-1
431.443,47,22,11,10,5,7,5,4,5,4
431.904,46,21,8,9,8,5,5,3,3,2
432.365,41,21,12,9,12,5,3,4,1,1
432.825,44,24,17,9,9,1,7,4,3,1
433.286,40,18,12,6,1,3,5,3,1,4
433.747,41,19,10,5,7,5,0,3,1,3
434.208,38,14,5,6,3,5,1,3,-4,-2
434.669,42,20,10,6,7,6,9,4,3,5
435.13,35,17,8,3,3,2,5,0,-4,0
435.591,39,17,12,6,6,2,0,4,7,3
436.052,38,15,4,3,4,4,4,-2,1,0
436.513,38,20,7,11,7,7,6,4,2,3
436.974,41,22,12,7,8,6,7,6,6,5
437.436,39,20,10,7,7,7,5,6,3,0
437.897,40,17,10,7,8,4,5,6,3,3
438.358,34,17,10,5,5,5,4,1,4,5
438.819,35,19,8,11,5,4,6,5,0,3
439.281,37,19,11,8,2,5,4,5,0,1
439.742,31,14,8,11,7,0,2,6,1,-1
440.203,36,18,7,6,7,7,7,3,4,3
440.665,35,15,12,8,6,6,3,-1,0,2
441.126,31,15,7,6,6,4,6,2,-2,-1
441.588,35,17,8,7,10,4,5,4,4,4
442.049,36,17,10,9,10,6,5,7,0,3
442.511,38,11,9,8,8,4,6,6,2,1
442.973,32,20,8,6,7,7,4,-2,3,3
443.434,37,15,8,6,4,3,1,-2,1,2
443.896,38,17,14,9,4,5,5,7,2,6
444.358,36,16,6,11,5,3,7,6,1,0
444.819,31,17,11,7,6,4,6,6,2,3
445.281,32,17,9,5,5,8,5,-3,-2,-1
445.743,34,18,10,2,7,7,5,4,4,3
446.205,43,17,14,16,9,7,7,8,7,10
446.667,33,14,6,7,1,5,0,-1,0,-2
447.129,38,18,9,8,7,4,6,1,-3,-1
447.591,30,18,5,6,8,8,2,4,1,7
448.053,35,22,13,9,6,10,5,9,9,6
448.515,30,13,11,5,8,2,5,3,-1,3
448.977,32,15,10,11,6,10,5,6,2,4
449.439,27,15,4,7,6,1,3,-2,-1,-1
449.902,31,16,5,6,7,1,5,-4,2,5
450.364,32,12,6,4,6,7,3,9,1,2
450.826,31,18,1,8,6,4,4,4,2,5
451.288,28,18,11,9,7,7,6,3,4,1
451.751,33,16,7,7,8,3,6,2,5,2
452.213,29,15,5,2,3,3,3,0,2,0
452.676,32,15,1,-1,6,-2,8,1,6,-4
453.138,32,15,8,9,6,7,4,3,0,5
453.601,26,11,8,4,1,2,-1,-5,-1,1
454.063,24,9,1,2,1,3,2,2,-3,-1
454.526,27,15,5,5,1,3,1,3,0,1
454.988,33,15,7,4,4,3,1,6,6,2
455.451,29,9,3,4,2,1,3,0,0,-1
455.914,30,13,11,3,6,5,5,4,5,2
456.376,30,18,11,10,8,5,8,3,5,7
456.839,35,16,10,8,1,4,2,3,2,2
457.302,31,16,8,5,10,5,3,4,0,9
457.765,32,15,12,7,3,4,7,7,1,5
458.228,34,18,5,8,6,8,8,1,5,3
458.69,24,15,8,5,2,2,3,0,3,1
459.153,30,13,7,6,5,7,1,2,0,0
459.616,34,11,4,6,4,2,2,3,4,3
460.079,30,18,12,5,7,7,5,3,5,3
460.543,31,15,14,7,4,4,4,5,3,3
461.006,30,16,12,11,13,7,9,4,3,5
461.469,30,16,9,6,3,6,6,5,3,5
461.932,27,10,1,9,4,0,4,1,2,3
462.395,28,13,11,5,9,2,8,2,2,4
462.858,30,20,7,10,7,6,1,2,4,5
463.322,34,18,12,8,11,3,8,6,4,5
463.785,27,14,3,2,5,0,2,2,0,0
464.248,31,12,6,7,6,8,5,8,1,2
464.712,31,18,14,10,11,6,4,5,4,6
465.175,30,17,10,10,9,6,5,4,1,2
465.639,29,9,6,4,7,1,2,3,1,1
466.102,31,15,7,6,4,4,5,6,4,4
466.566,28,13,5,9,2,4,7,4,4,7
467.029,28,15,12,7,3,3,0,3,1,-2
467.493,26,12,7,5,6,2,2,2,3,0
467.957,30,13,9,7,6,5,3,4,0,-1
468.42,29,16,10,4,4,7,6,1,-1,5
468.884,28,13,8,8,9,5,6,1,4,5
469.348,29,17,12,13,12,3,3,4,7,5
469.812,32,16,8,4,8,8,5,4,3,3
470.276,33,16,11,8,10,8,9,2,6,4
470.74,36,18,14,11,11,10,11,9,5,2
471.204,28,16,7,7,9,3,5,0,2,0
471.667,30,17,10,12,9,9,2,6,-1,3
472.131,30,20,11,9,8,7,4,5,3,7
472.596,34,19,10,7,8,4,2,-2,0,2
473.06,37,26,19,12,11,11,8,6,4,8
473.524,35,22,9,11,8,8,8,4,6,4
473.988,35,22,16,6,12,8,6,5,2,5
474.452,37,23,19,13,7,7,4,3,5,6
474.916,36,20,17,15,12,13,8,4,3,6
475.381,37,21,12,7,7,8,-1,3,-3,0
475.845,35,23,15,13,10,10,9,7,4,3
476.309,35,21,16,15,9,11,7,8,6,7
476.774,36,22,15,14,11,10,7,7,4,2
477.238,41,25,14,13,11,10,7,5,7,5
477.703,39,29,17,13,10,10,10,8,4,6
478.167,44,27,15,18,17,10,10,10,9,9
478.632,35,21,15,15,9,8,3,6,4,1
479.096,43,23,19,15,14,11,8,3,2,3
479.561,45,26,18,10,14,7,12,6,5,3
480.026,47,28,18,19,14,8,14,7,5,7
480.49,41,27,20,17,17,14,9,9,5,6
480.955,46,28,25,17,10,12,10,10,8,5
481.42,45,27,21,16,11,17,8,5,3,4
481.885,47,29,17,16,15,9,12,8,10,5
482.349,42,29,20,20,15,13,9,8,8,-1
482.814,46,33,24,22,20,19,13,11,10,9
483.279,47,35,23,22,19,14,11,8,4,6
483.744,50,35,26,17,18,18,16,9,7,9
484.209,56,44,28,29,21,19,17,18,13,9
484.674,55,36,24,22,18,17,12,13,6,3
485.139,55,40,30,24,22,18,12,8,7,6
485.604,59,39,34,27,25,17,14,14,10,7
486.069,60,45,34,27,26,20,23,15,11,9
486.535,63,41,31,28,21,21,17,13,10,7
487,63,41,33,27,26,23,20,16,13,9
487.465,65,50,37,29,28,19,18,12,6,11
487.93,65,47,34,29,23,21,16,12,9,11
488.396,65,47,32,34,26,22,20,12,12,8
488.861,68,50,40,38,32,28,15,17,12,10
489.327,71,54,45,36,32,27,20,19,15,11
489.792,70,57,46,37,28,25,22,19,11,12
490.258,69,54,43,36,25,21,18,18,14,17
490.723,73,57,46,42,33,27,24,20,14,14
491.189,79,59,50,42,33,28,22,22,15,16
491.654,77,58,44,41,30,26,18,17,16,10
492.12,72,59,48,40,32,27,19,16,19,12
492.586,76,58,46,42,31,26,27,15,14,15
493.051,75,61,47,40,32,26,24,19,15,11
493.517,82,63,50,41,38,27,25,21,17,15
493.983,85,66,51,41,44,36,27,27,16,17
494.449,85,66,57,49,41,34,25,24,19,17
494.915,83,63,55,45,37,35,26,20,15,13
495.38,82,71,58,48,42,34,28,29,22,16
495.846,84,72,54,49,37,30,24,24,13,15
496.312,90,67,59,48,43,28,27,26,18,16
496.778,97,80,64,56,45,36,36,25,20,19
497.244,92,76,62,51,45,40,32,24,19,20
497.711,96,78,63,56,45,43,33,26,19,15
498.177,95,77,68,55,50,37,29,31,18,20
498.643,103,78,65,59,48,37,36,30,23,18
499.109,103,82,68,62,52,42,35,28,25,18
499.575,105,86,77,62,53,45,38,30,25,20
500.042,108,85,71,64,55,42,36,29,18,19
500.508,108,92,75,64,57,46,36,31,28,21
500.974,107,91,76,64,56,43,35,30,25,23
501.441,115,89,75,63,53,47,37,33,27,17
501.907,118,95,77,71,58,52,42,32,27,22
502.374,121,103,82,73,64,54,41,35,31,26
502.84,121,100,82,71,65,47,40,34,27,25
503.307,121,99,84,75,63,52,42,34,27,22
503.773,127,103,85,70,62,53,42,34,28,23
504.24,124,103,87,76,63,55,45,34,29,23
504.707,127,105,89,76,62,55,41,39,31,24
505.173,130,107,90,75,68,51,44,36,30,22
505.64,130,108,94,78,70,52,49,38,30,28
506.107,132,113,94,82,68,56,50,37,27,26
506.574,135,110,89,75,65,59,49,34,31,23
507.04,136,113,90,76,67,57,46,36,33,29
507.507,134,112,91,78,70,57,51,40,28,28
507.974,133,115,98,81,73,62,52,41,34,25
508.441,138,119,96,84,69,62,52,44,33,27
508.908,142,118,98,83,72,60,47,42,36,30
509.375,131,115,93,82,71,62,45,41,33,27
509.842,140,121,99,80,69,65,50,42,31,28
510.31,142,116,101,88,70,65,48,38,35,29
510.777,138,116,97,78,71,60,50,37,31,24
511.244,151,125,104,90,77,67,55,43,40,28
511.711,148,125,108,87,78,67,57,49,36,30
512.178,150,127,105,94,76,66,55,46,33,34
512.646,148,121,102,92,83,58,52,41,32,31
513.113,158,129,108,94,79,66,55,45,33,34
513.58,151,128,107,93,81,68,50,44,34,26
514.048,151,124,107,91,77,60,52,41,31,30
514.515,152,132,110,95,80,70,53,48,41,28
514.983,159,134,113,97,81,72,55,44,40,34
515.45,165,141,119,105,82,74,61,48,41,35
515.918,158,131,113,98,83,71,53,46,38,34
516.386,162,138,116,102,88,71,59,49,41,32
516.853,158,134,114,97,85,65,55,42,36,34
517.321,170,146,122,103,90,77,66,54,44,38
517.789,163,139,122,103,90,75,58,51,41,36
518.256,164,140,115,99,83,68,57,49,36,28
518.724,167,143,118,105,87,74,60,47,39,36
519.192,165,146,120,100,89,77,59,48,37,32
519.66,165,148,122,104,86,74,56,51,38,31
520.128,171,146,122,104,91,75,60,49,38,35
520.596,172,143,120,106,88,78,62,55,42,39
521.064,169,146,118,106,90,74,63,49,42,32
521.532,174,151,125,105,94,76,66,53,38,36
522,167,142,118,98,86,70,56,48,40,28
522.468,172,146,119,104,94,73,66,53,38,33
522.936,166,140,119,105,93,75,58,48,42,31
523.404,168,143,117,107,85,76,63,48,40,33
523.873,164,138,117,103,91,70,61,51,39,32
524.341,169,146,116,102,88,72,62,51,40,37
524.809,171,143,126,99,93,75,60,52,40,35
525.277,163,141,117,103,86,73,53,47,36,33
525.746,165,139,121,104,83,72,62,54,44,34
526.214,165,143,120,106,86,74,65,51,42,32
526.683,165,145,120,104,88,77,62,46,41,35
527.151,165,140,117,99,87,72,58,45,42,33
527.62,159,137,111,97,87,73,52,45,38,26
528.088,164,137,115,101,87,71,58,52,37,34
528.557,167,139,116,100,82,75,60,47,37,31
529.025,162,143,120,105,90,71,59,49,43,32
529.494,161,139,114,98,86,70,58,46,35,33
529.963,164,140,119,100,87,71,58,53,39,34
530.432,167,140,112,104,86,71,60,47,35,31
530.9,167,142,119,100,91,72,60,51,43,33
531.369,166,144,120,107,87,75,64,49,40,30
531.838,166,143,122,102,90,75,57,49,42,32
532.307,170,142,120,104,87,74,62,52,42,35
532.776,170,146,124,105,89,73,64,54,42,35
533.245,169,141,127,106,92,74,63,49,38,32
533.714,170,147,123,108,89,71,61,50,36,34
534.183,176,147,128,109,89,79,59,54,42,32
534.652,179,150,129,108,92,78,62,53,42,37
535.121,175,148,123,104,93,79,66,52,41,35
535.59,180,152,128,110,96,80,66,53,44,36
536.06,172,149,127,105,89,68,59,49,38,30
536.529,180,156,131,112,93,79,67,54,46,35
536.998,175,147,119,105,91,77,63,55,43,33
537.468,183,156,131,108,94,79,65,52,44,36
537.937,175,144,124,110,89,73,62,48,39,28
538.406,178,151,124,104,94,78,60,47,44,39
538.876,176,149,123,107,92,78,61,52,36,36
539.345,183,154,132,113,96,83,69,55,44,41
539.815,175,147,123,104,88,75,62,50,41,36
540.284,170,147,123,101,91,78,62,52,43,35
540.754,171.5,145,121.5,102.5,88.5,77,62,51,39.5,36
541.223,173,143,120,104,86,76,62,50,36,37
541.693,167,145,123,103,90,73,64,47,38,32
542.163,164,137,117,99,87,69,58,47,38,30
542.633,168,140,113,100,86,74,56,52,37,31
543.102,162,139,109,96,78,70,58,45,41,35
543.572,156,130,111,95,81,67,60,42,33,30
544.042,161,135,114,97,84,69,58,48,42,34
544.512,160,131,106,97,82,66,55,48,33,28
544.982,157,132,111,90,79,67,56,45,35,29
545.452,154,129,111,91,79,69,54,49,39,33
545.922,153,124,103,88,75,66,55,44,30,29
546.392,152,131,103,93,79,64,56,45,35,34
546.862,153,129,105,86,77,61,51,38,32,28
547.332,150,121,100,88,74,63,47,41,30,29
547.802,153,132,104,91,79,65,55,46,32,33
548.272,152,123,106,93,77,62,51,47,35,28
548.743,148,120,105,88,79,63,52,43,35,31
549.213,145,120,100,86,68,58,45,40,29,25
549.683,153,126,103,91,72,63,53,47,30,29
550.154,149,123,102,88,76,65,47,43,36,24
550.624,149,123,101,87,77,59,52,46,35,31
551.094,146,121,99,86,70,57,52,40,31,32
551.565,150,124,105,85,75,61,47,41,33,27
552.035,145,120,97,85,69,63,49,40,31,28
552.506,146,118,97,84,72,62,47,40,31,26
552.977,148,121,100,86,75,60,49,43,37,30
553.447,141,117,101,85,71,61,50,36,31,28
553.918,146,122,102,88,73,61,52,42,39,29
554.389,149,120,94,86,69,60,47,38,33,29
554.859,145,121,93,85,69,59,48,42,33,29
555.33,132,109,95,81,69,54,40,36,28,28
555.801,133,108,90,74,62,59,43,32,25,22
556.272,139,113,89,78,66,55,48,36,29,25
556.743,137,113,92,80,65,56,46,35,27,25
557.213,140,113,96,79,68,59,43,42,33,24
557.684,133,108,91,78,67,57,41,34,29,27
558.155,133,104,87,78,68,52,43,36,27,22
558.626,129,106,86,71,59,55,46,38,25,28
559.098,130,105,86,74,66,54,44,37,27,25
559.569,132,105,85,68,59,49,41,36,32,25
560.04,124,100,86,72,61,50,44,32,28,24
560.511,127,97,89,74,61,51,37,33,28,29
560.982,121,101,78,70,56,48,38,29,23,23
561.453,123,96,75,66,56,47,38,33,19,20
561.925,121,95,79,63,55,48,40,30,24,22
562.396,113,91,80,67,58,42,40,25,26,21
562.867,119,92,76,67,56,45,40,36,25,24
563.339,111,92,68,64,52,38,34,28,22,22
563.81,113,90,73,63,56,50,37,34,23,21
564.282,112,85,76,63,57,46,37,30,21,22
564.753,111,84,73,66,55,45,39,28,24,25
565.225,112,87,70,61,52,45,35,31,21,18
565.697,106,89,63,57,52,40,30,28,22,16
566.168,104,85,72,62,47,38,29,27,21,14
566.64,101,79,66,53,50,38,29,21,16,15
567.112,101,82,68,57,45,41,31,25,22,15
567.583,107,84,64,55,51,43,35,25,22,17
568.055,99,78,60,52,44,31,24,20,11,12
568.527,103,82,63,58,50,44,31,25,23,18
568.999,105,79,65,56,51,39,32,29,25,24
569.471,101,80,66,56,43,42,34,28,18,17
569.943,94,71,58,51,38,36,25,20,12,11
570.415,98,77,63,52,46,37,28,23,17,14
570.887,100,72,62,50,49,35,24,24,18,17
571.359,103,83,65,58,49,43,34,29,20,23
571.831,98,77,58,50,45,34,31,24,20,14
572.303,104,86,63,54,45,39,31,28,25,16
572.775,96,76,57,52,42,37,27,21,18,17
573.247,97,79,58,53,40,34,25,22,18,12
573.72,100,76,61,51,44,37,31,23,20,16
574.192,104,78,63,51,47,39,33,30,20,18
574.664,97,77,62,52,43,33,33,25,20,19
575.137,104,77,57,55,45,38,31,25,19,19
575.609,98,75,63,53,44,39,31,25,18,17
576.082,97,77,58,53,47,39,32,27,20,17
576.554,101,76,62,51,41,37,31,24,24,17
577.027,99,77,62,51,44,33,28,25,21,17
577.499,93,69,62,49,43,36,31,25,23,21
577.972,90,66,54,50,35,31,24,20,11,11
578.444,96,75,61,47,45,38,30,24,22,12
578.917,97,71,55,46,40,34,30,21,20,17
579.39,94,71,53,49,39,33,27,22,18,14
579.862,89,63,52,41,38,27,21,18,12,18
580.335,90,70,54,53,43,33,26,21,16,17
580.808,89,65,56,46,35,33,32,22,17,18
581.281,92,69,55,44,42,30,30,24,17,16
581.754,87,60,51,41,33,29,25,21,19,15
582.227,86,65,58,44,39,35,27,24,19,16
582.7,87,64,51,43,37,31,23,18,13,16
583.173,79,63,48,43,35,32,26,17,18,17
583.646,85,60,46,44,40,27,26,18,15,14
584.119,82,62,47,37,34,26,21,18,14,12
584.592,86,64,46,43,36,28,25,17,13,11
585.065,80,60,46,41,34,30,24,17,16,20
585.538,79,58,49,31,33,28,24,16,12,10
586.012,81,58,47,38,37,29,22,19,12,13
586.485,75,53,39,32,24,18,17,11,7,7
586.958,76,54,42,32,28,21,17,16,11,10
587.432,75,52,40,41,34,25,23,15,13,11
587.905,79,57,43,36,32,29,21,19,16,11
588.378,75,52,44,31,34,27,20,15,14,13
588.852,74,54,44,32,30,23,19,17,11,16
589.325,76,56,42,42,27,27,25,22,14,10
589.799,75,50,43,36,30,27,24,19,19,11
590.273,72,55,41,36,33,23,23,21,13,14
590.746,68,51,39,27,24,23,21,14,11,12
591.22,72,50,39,33,29,21,19,16,13,10
591.694,70,51,36,34,28,19,20,13,12,6
592.167,64,48,42,32,31,26,20,20,12,11
592.641,71,51,38,27,28,23,18,14,12,11
593.115,69,52,38,35,26,23,14,16,13,9
593.589,66,47,39,28,25,19,15,12,8,12
594.063,66,48,36,34,24,18,16,13,11,7
594.537,69,46,33,31,28,22,14,17,15,11
595.011,70,50,37,31,25,25,20,13,13,12
595.485,68,49,37,31,25,22,19,15,9,12
595.959,69,50,42,30,30,26,16,15,15,13
596.433,65,43,32,27,24,17,18,11,11,8
596.907,62,47,32,30,23,20,15,18,11,9
597.381,61,46,32,26,24,18,17,17,6,6
597.855,65,46,35,29,26,23,18,14,16,13
598.329,63,45,38,25,24,16,19,12,7,11
598.804,63,41,32,30,28,18,22,16,7,8
599.278,59,41,31,25,19,17,13,17,6,10
599.752,63,44,31,32,22,22,16,16,9,8
600.227,60,45,31,30,25,22,18,12,8,6
600.701,57,38,32,22,22,16,17,7,5,5
601.176,59,41,34,29,22,16,14,12,9,10
601.65,61,39,29,24,24,18,12,10,9,4
602.125,59,43,33,27,25,18,11,14,10,9
602.599,57,41,31,27,23,17,19,7,9,5
603.074,58,39,31,23,23,18,16,11,7,9
603.549,60,40,31,27,22,18,20,10,12,7
604.023,57,41,31,26,20,17,12,13,9,8
604.498,58,40,29,27,23,17,16,10,12,9
604.973,59,38,33,26,18,17,20,11,11,11
605.448,52,31,27,22,18,13,12,9,8,5
605.922,52,33,25,20,19,18,11,10,6,8
606.397,51,33,22,27,19,13,9,8,5,5
606.872,62,39,30,23,24,17,19,16,9,12
607.347,49,32,25,23,17,12,15,7,9,5
607.822,52,35,28,25,18,16,15,13,7,9
608.297,49,35,26,21,18,16,11,8,6,9
608.772,53,35,24,22,19,20,11,12,7,6
609.247,47,33,25,20,17,13,12,12,8,7
609.723,49,32,24,22,19,15,13,11,9,12
610.198,45,32,22,25,18,17,13,13,5,5
610.673,44,33,22,17,16,17,10,13,11,10
611.148,48,31,21,21,15,12,11,8,7,7
611.623,49,33,28,22,17,11,13,16,7,5
612.099,44,27,26,20,16,14,14,15,9,6
612.574,40,27,24,14,12,8,9,12,6,5
613.05,48,28,22,21,19,15,14,9,11,5
613.525,45,28,21,20,17,9,8,7,8,7
614.001,48,35,23,19,15,10,11,13,10,8
614.476,47,32,23,24,16,10,15,11,7,9
614.952,47,25,20,19,14,11,12,12,6,7
615.427,45,33,20,17,13,14,11,10,6,9
615.903,45,29,19,13,10,6,8,6,2,2
616.379,42,29,24,19,11,14,12,9,10,5
616.854,43,28,24,16,14,15,11,8,4,5
617.33,42,30,23,16,15,9,11,13,7,-2
617.806,38,28,22,15,13,12,9,8,7,5
618.282,44,27,21,22,14,15,10,11,8,7
618.758,43,30,25,16,13,10,10,6,2,6
619.234,39,24,17,16,15,10,8,7,3,2
619.71,37,25,16,16,15,13,8,6,7,6
620.186,39,24,17,14,11,10,9,6,5,1
620.662,42,26,23,20,12,12,13,11,8,6
621.138,39,26,24,16,12,10,6,8,7,1
621.614,41,27,19,14,14,9,11,7,3,5
622.09,38,22,21,17,13,9,7,4,5,4
622.566,41,26,19,16,14,12,12,11,7,8
623.042,36,25,16,12,9,7,9,4,6,3
623.519,36,25,16,16,13,6,8,8,3,1
623.995,39,24,21,13,14,11,6,8,9,-2
624.471,36,29,14,11,12,8,14,10,4,5
624.948,43,29,19,15,14,14,11,11,5,11
625.424,37,20,17,14,15,11,5,9,0,4
625.9,36,17,13,13,12,13,7,9,7,6
626.377,30,20,19,15,11,10,7,5,10,4
626.853,37,21,17,14,13,6,11,6,3,6
627.33,38,26,23,15,15,13,12,10,6,4
627.807,33,19,18,16,12,10,4,7,9,10
628.283,37,25,13,17,14,6,8,5,6,5
628.76,34,22,16,13,14,7,7,5,0,5
629.237,34,22,12,12,12,5,6,4,2,7
629.713,34,16,13,14,8,6,4,2,4,4
630.19,32,22,18,16,9,9,9,9,7,5
630.667,31,17,11,12,12,5,6,10,3,1
631.144,33,20,13,9,10,9,7,5,1,4
631.621,35,20,15,12,13,10,9,6,8,2
632.098,33,20,17,17,13,10,9,6,5,5
632.575,27,20,11,9,6,5,4,0,3,1
633.052,31,23,11,10,8,8,9,6,5,2
633.529,30,19,17,15,9,10,6,6,6,2
634.006,32,23,12,13,9,10,7,8,5,2
634.483,26,18,11,11,9,6,6,5,-1,2
634.96,26,16,11,7,9,9,5,2,1,5
635.437,28,18,10,14,9,9,6,2,1,3
635.915,31,17,11,11,10,4,7,3,1,2
636.392,26,18,9,10,7,3,1,0,4,0
636.869,30,20,15,11,11,13,3,7,6,3
637.347,28,20,12,9,11,6,8,8,4,4
637.824,27,12,9,7,10,5,5,3,3,5
638.301,27,12,6,6,7,5,2,5,6,1
638.779,25,16,11,9,9,8,9,4,4,3
639.256,24,18,8,10,10,9,8,1,-1,1
639.734,32,19,11,15,9,9,7,5,5,7
640.212,30,17,10,11,7,6,7,3,3,0
640.689,27,14,5,6,10,6,6,2,6,0
641.167,29,17,11,9,10,9,9,8,7,3
641.645,21,13,7,3,9,1,-1,3,-2,4
642.122,27,16,7,6,5,9,7,6,4,1
642.6,31,18,17,12,12,12,9,9,9,5
643.078,28,15,10,8,7,9,4,2,8,6
643.556,25,19,6,7,10,3,3,5,2,3
644.034,17,7,1,1,-2,-5,-4,-3,-6,-6
644.512,23,14,10,10,5,7,5,1,1,4
644.99,26,16,12,11,9,8,9,4,6,4
645.468,27,15,10,8,11,4,8,2,3,3
645.946,26,15,10,7,8,1,8,0,4,-3
646.424,27,15,10,7,8,5,4,4,5,7
646.902,27,15,15,14,11,6,9,4,6,6
647.38,27,13,9,8,5,4,9,6,3,4
647.858,27,17,7,7,9,7,4,5,4,2
648.337,25,14,10,6,11,6,2,5,5,5
648.815,22,12,9,12,11,4,1,4,1,5
649.293,24,13,9,8,3,6,2,5,-2,0
649.772,23,11,0,9,6,3,3,6,2,-1
650.25,23,15,5,5,10,4,2,0,2,3
650.728,20,12,6,5,6,3,3,3,4,-1
651.207,21,17,4,4,2,1,0,-3,4,-1
651.685,26,13,8,12,6,4,7,4,5,9
652.164,23,13,11,5,7,4,4,2,3,4
652.643,29,16,8,12,9,6,11,7,2,6
653.121,17,15,9,9,7,1,2,3,1,0
653.6,23,10,6,5,8,6,2,2,0,1
654.079,21,9,8,4,5,2,3,3,0,2
654.557,21,12,6,8,6,7,3,1,2,2
655.036,22,13,12,8,7,3,6,5,4,4
655.515,18,11,5,10,5,3,3,-3,1,0
655.994,19,9,4,5,6,1,3,2,-2,3
656.473,16,9,8,3,4,3,3,2,2,2
656.952,22,17,7,6,2,2,5,3,8,3
657.431,20,12,3,6,9,1,0,3,1,2
657.91,23,15,11,7,5,7,6,4,2,3
658.389,22,12,10,9,3,5,2,1,2,2
658.868,24,11,12,7,8,8,7,9,3,6
659.347,22,14,7,3,3,2,3,1,2,4
659.826,17,13,10,7,7,7,6,2,3,0
660.305,20,9,10,7,5,4,1,-2,3,-2
660.784,25,10,8,7,2,2,2,6,1,3
661.264,20,8,5,10,2,5,7,3,2,1
661.743,23,13,8,6,8,5,8,4,5,0
662.222,21,14,9,7,5,3,2,4,6,3
662.702,23,11,7,11,3,6,5,1,3,-1
663.181,23,15,5,10,6,4,5,5,1,3
663.661,20,12,6,4,7,8,3,8,2,4
664.14,17,15,6,3,5,5,6,3,-1,1
664.62,13,9,-1,4,-2,0,-2,-3,0,-1
665.099,23,8,10,4,3,4,-2,2,3,-1
665.579,18,11,5,0,4,2,0,3,4,-3
666.059,17,13,6,2,4,5,7,2,0,0
666.538,16,15,7,7,3,9,4,0,2,3
667.018,20,9,6,6,5,0,7,3,4,3
667.498,20,5,4,5,7,1,3,4,2,2
667.978,23,11,7,4,8,4,-1,3,0,4
668.457,18,9,6,3,4,1,3,-5,3,4
668.937,17,11,6,0,3,3,1,0,0,-2
669.417,19,12,6,11,12,0,4,5,0,2
669.897,18,11,11,7,5,10,3,4,1,5
670.377,16,8,0,-2,2,-1,2,-2,-4,-5
670.857,19,8,2,3,-1,2,5,-2,-4,0
671.337,22,11,12,11,9,6,3,9,3,4
671.818,16,10,6,1,4,3,0,3,-2,-1
672.298,21,9,6,7,10,5,7,4,4,4
672.778,17,10,6,1,4,3,-1,0,0,-1
673.258,19,11,6,2,4,7,4,3,-2,5
673.738,14,7,5,2,5,4,-2,1,0,1
674.219,16,12,8,6,7,4,-2,3,5,3
674.699,16,10,2,-2,1,-2,1,-2,1,-2
675.179,18,7,6,5,3,1,1,1,-5,5
675.66,18,11,6,7,2,4,5,0,-2,5
676.14,16,11,4,7,6,5,6,2,0,3
676.621,16,10,7,3,5,7,1,1,4,2
677.101,21,11,6,8,6,3,5,2,3,4
677.582,17,10,3,4,1,2,3,1,-2,0
678.063,23,16,9,9,7,7,5,3,1,4
678.543,20,9,4,5,9,5,5,3,3,6
679.024,22,10,8,7,7,3,4,3,2,1
679.505,21,15,6,4,2,3,3,2,3,0
679.985,20,10,6,9,6,5,6,2,-1,3
680.466,15,11,3,8,4,3,3,0,-1,5
680.947,21,9,8,5,9,7,4,3,5,4
681.428,23,10,6,3,2,2,0,-3,4,1
681.909,22,14,7,6,5,1,2,5,4,1
682.39,21,14,8,6,1,5,5,3,3,6
682.871,19,9,2,8,3,8,6,-2,2,1
683.352,21,6,6,5,4,5,-1,-2,1,0
683.833,23,12,6,3,6,3,5,4,4,3
684.314,23,8,2,3,-5,-1,3,-1,4,2
684.795,19,9,5,0,0,-4,2,-5,-2,0
685.276,18,10,9,4,5,1,4,1,0,5
685.758,21,14,5,3,5,3,3,0,3,3
686.239,21,10,4,1,2,2,0,-3,2,-1
686.72,23,8,2,5,4,2,6,1,2,2
687.202,20,11,7,9,4,4,8,3,1,4
687.683,23,15,6,4,6,8,5,4,4,4
688.164,17,5,-1,-1,3,-1,3,1,-1,0
688.646,21,12,7,1,1,1,4,2,-1,-1
689.127,21,10,5,2,0,2,2,0,4,-2
689.609,22,13,8,5,4,4,1,5,2,0
690.091,23,7,3,7,4,6,6,2,1,4
690.572,23,10,8,0,1,0,0,2,3,3
691.054,20,4,3,4,5,-1,-2,-2,1,0
691.536,27,10,8,8,7,5,3,3,2,-2
692.017,24,9,7,5,0,4,1,1,1,0
692.499,21,4,4,2,1,-3,0,-2,-1,-2
692.981,26,13,4,4,4,2,-1,2,0,-1
693.463,28,12,6,8,3,3,7,3,2,1
693.945,28,15,4,3,6,1,4,-1,2,0
694.426,25,10,6,1,-2,3,-1,3,-1,-2
694.908,28,13,5,2,6,3,4,6,1,4
695.39,30,12,6,2,8,3,7,4,3,6
695.872,30,15,7,8,2,0,2,1,-2,1
696.355,28,13,7,1,2,2,1,1,-1,-2
696.837,27,15,8,3,2,7,6,4,4,7
697.319,30,18,5,6,9,3,5,1,3,6
697.801,26,8,0,-2,-3,-1,-1,-5,-6,-6
698.283,35,14,5,7,-1,4,3,2,1,-4
698.765,35,14,9,5,3,2,2,4,-1,1
699.248,39,16,10,6,2,5,4,6,3,5
699.73,36,14,9,7,5,-1,3,2,0,6
700.213,36,8,3,5,1,-7,-4,-8,-5,-7
700.695,35,17,7,2,1,3,4,-1,1,0
701.177,45,19,14,6,5,5,1,3,2,2
701.66,43,21,6,9,5,5,3,-3,1,1
702.142,43,17,7,5,4,6,3,-2,0,2
702.625,50,22,14,9,3,4,6,2,3,1
703.108,52,23,11,8,4,4,1,-3,-2,0
703.59,51,22,11,6,6,4,3,3,3,2
704.073,62,27,12,9,9,2,5,3,3,3
704.556,63,23,12,9,7,7,4,1,-3,3
705.038,74,27,16,12,9,8,8,5,2,3
705.521,73,34,18,9,5,7,5,3,2,1
706.004,86,40,15,8,11,4,5,3,1,4
706.487,95,45,23,14,14,10,5,2,6,5
706.97,108,46,23,15,13,5,6,10,2,5
707.453,131,56,28,19,11,12,6,8,2,4
707.936,149,63,28,17,12,5,8,7,4,3
708.419,171,78,32,24,18,11,11,7,7,5
708.902,212,92,37,28,20,17,10,7,11,9
709.385,246,105,50,32,26,17,14,11,7,5
709.868,291,123,51,32,20,14,12,5,5,0
710.351,336,145,61,37,20,19,9,10,2,-2
710.835,394,170,75,49,39,23,17,11,10,10
711.318,468,195,84,58,33,26,14,6,3,6
711.801,535,231,103,64,46,34,22,12,12,8
712.285,616,266,123,74,51,34,25,18,15,10
712.768,688,288,128,79,50,41,25,22,13,8
713.251,780,334,147,95,63,45,31,26,17,11
713.735,905,384,163,105,74,47,34,24,16,13
714.218,1000,423,190,115,82,57,37,31,20,13
714.702,1099,472,203,131,87,63,47,33,22,20
715.185,1214,516,229,144,98,69,48,38,23,19
715.669,1387,590,254,163,111,77,55,40,23,18
716.153,1480,626,278,178,123,84,64,46,33,26
716.636,1632,693,307,195,135,93,68,48,35,23
717.12,1812,769,340,217,148,106,75,52,35,28
717.604,1993,839,367,234,160,112,77,52,36,28
718.088,2105,882,391,252,167,118,84,59,41,32
718.572,2356,988,434,275,190,133,95,71,45,37
719.055,2480,1046,458,288,196,137,95,70,43,32
719.539,2776,1162,512,329,220,156,109,79,55,40
720.023,2962,1238,542,348,238,164,111,82,60,43
720.507,3147,1311,579,367,250,176,120,87,61,48
720.991,3441,1441,634,402,270,193,133,97,60,44
721.475,3613,1513,669,416,285,200,141,101,72,52
721.959,3872,1621,711,454,307,210,151,107,75,56
722.444,4233,1770,781,494,334,235,162,119,79,62
722.928,4514,1891,832,527,355,248,174,125,87,67
723.412,4897,2052,900,568,387,270,188,134,95,70
723.896,5156,2159,945,594,403,280,192,144,97,69
724.381,5412,2266,993,631,425,298,204,153,102,80
724.865,5837,2449,1066,677,459,324,221,165,117,87
725.349,6343,2657,1163,735,505,349,242,184,123,91
725.834,6903,2883,1271,799,541,381,267,197,131,98
726.318,7136,2986,1302,832,558,392,274,200,134,100
726.803,8044,3370,1472,933,631,444,309,226,158,116
727.287,8464,3539,1549,985,664,465,321,240,163,123
727.772,9139,3819,1677,1058,715,503,350,255,174,132
728.256,9854,4143,1816,1145,775,544,376,280,187,141
728.741,10311,4342,1896,1209,811,573,392,289,199,147
729.226,11096,4681,2053,1299,870,612,417,311,217,155
729.71,11499,4867,2124,1352,901,631,436,317,222,161
730.195,12578,5348,2349,1480,1005,702,486,361,245,181
730.68,12471,5303,2330,1471,994,697,479,350,244,178
731.165,12839,5493,2399,1518,1027,721,500,366,256,187
731.65,13486,5802,2542,1605,1085,761,521,387,264,197
732.135,13809,5948,2609,1653,1114,775,531,393,271,202
732.62,13637,5860,2568,1627,1095,767,531,388,265,196
733.105,13666,5876,2584,1637,1104,770,534,393,269,197
733.59,13961,6042,2646,1678,1128,789,546,402,274,203
734.075,13600,5856,2573,1626,1095,763,526,382,262,195
734.56,13435,5794,2531,1599,1084,758,518,384,260,193
735.045,13117,5633,2480,1564,1058,738,512,377,258,195
735.53,13010,5572,2445,1545,1043,729,502,371,253,185
736.015,12603,5392,2364,1495,1005,707,485,354,243,176
736.501,12499,5331,2341,1482,1005,701,487,357,247,182
736.986,12285,5236,2297,1453,983,692,478,351,242,179
737.471,11643,4931,2167,1377,931,648,447,329,224,169
737.957,11368,4812,2126,1335,904,635,439,324,219,165
738.442,10953,4620,2031,1279,867,605,421,312,211,159
738.928,10931,4612,2031,1282,871,606,419,305,215,155
739.413,10604,4469,1968,1238,845,590,402,292,204,152
739.899,10322,4326,1906,1206,812,569,391,285,203,151
740.384,10020,4199,1849,1166,787,551,378,279,192,141
740.87,9483,3967,1748,1102,750,527,356,268,183,136
741.355,9160,3843,1686,1064,726,504,352,257,174,133
741.841,9137,3825,1681,1059,728,504,352,260,173,137
742.327,8637,3598,1590,1010,680,476,328,247,169,124
742.813,8498,3542,1566,994,671,472,321,244,165,123
743.298,8144,3391,1495,948,644,453,309,226,157,121
743.784,7822,3255,1436,910,622,432,297,218,153,116
744.27,7584,3150,1388,881,595,418,290,210,143,112
744.756,7366,3057,1348,855,578,411,278,208,144,106
745.242,7114,2942,1302,825,559,394,269,203,137,98
745.728,6687,2763,1222,776,523,370,253,186,129,95
746.214,6456,2675,1180,749,510,353,245,180,128,90
746.7,6111,2529,1117,712,488,339,232,175,121,87
747.186,5692,2351,1044,661,446,313,219,157,110,83
747.672,5478,2260,1002,641,436,300,212,154,107,78
748.158,5049,2081,924,585,393,281,191,140,100,71
748.645,5095,2095,934,593,400,277,197,145,97,71
749.131,4665,1924,855,541,369,259,177,133,89,66
749.617,4429,1822,817,511,351,239,169,127,83,62
750.104,4200,1735,769,490,330,231,159,119,84,58
750.59,3960,1642,725,461,315,221,155,110,76,57
751.076,3696,1531,680,433,295,206,144,110,76,56
751.563,3723,1541,689,437,295,206,145,107,73,54
752.049,3444,1425,639,404,274,197,134,97,66,53
752.536,3315,1373,613,388,262,186,131,90,67,52
753.022,3041,1259,560,359,241,168,115,86,58,43
753.509,2888,1201,532,339,229,164,112,84,56,40
753.996,2830,1175,523,332,225,158,113,81,57,42
754.482,2650,1094,491,312,211,148,104,74,55,42
754.969,2492,1034,461,296,199,133,94,68,48,34
755.456,2410,1005,445,288,193,135,89,69,48,36
755.943,2319,963,430,275,186,129,87,66,45,31
756.429,2226,921,413,261,181,124,86,67,46,28
756.916,2069,858,385,246,167,118,78,60,42,32
757.403,1987,830,369,237,162,115,77,57,38,33
757.89,1951,812,361,231,157,107,79,53,39,30
758.377,1854,770,344,221,148,103,77,55,36,28
758.864,1748,728,322,207,139,96,65,49,29,23
759.351,1663,694,309,199,137,93,65,50,32,24
759.838,1570,651,299,183,124,88,58,46,29,21
760.326,1522,635,282,181,124,89,59,47,31,26
760.813,1450,602,267,171,114,82,55,39,22,23
761.3,1361,564,259,164,111,75,52,43,27,20
761.787,1362,570,256,164,113,77,51,41,28,17
762.275,1286,539,241,153,109,78,52,40,33,29
762.762,1204,505,228,141,98,71,50,37,25,18
763.249,1117,463,212,134,93,67,39,36,22,15
763.737,1084,447,201,127,88,62,43,31,26,15
764.224,967,407,180,116,82,56,43,28,18,17
764.712,951,403,180,114,79,61,41,30,20,17
765.199,901,378,170,110,76,54,37,30,17,14
765.687,841,346,158,97,68,45,33,22,17,15
766.174,813,340,154,96,68,44,29,25,14,11
766.662,763,322,143,91,62,39,32,23,17,13
767.15,697,295,132,84,58,42,34,20,15,15
767.637,690,285,128,84,55,43,28,19,12,10
768.125,660,274,120,79,51,32,26,17,10,13
768.613,609,252,116,77,55,36,26,18,15,12
769.101,604,255,111,73,51,30,26,14,11,7
769.589,581,243,109,74,51,36,28,20,11,13
770.077,542,228,101,67,45,35,24,19,18,12
770.565,528,219,104,61,45,32,22,15,10,9
771.053,480,199,96,59,42,28,21,17,12,13
771.541,483,201,91,56,35,26,24,15,10,9
772.029,464,193,85,56,37,25,20,13,12,6
772.517,433,181,83,54,38,27,17,15,9,6
773.005,435,184,87,52,35,25,18,15,9,10
773.493,415,176,79,50,35,22,24,12,8,9
773.981,395,164,75,48,32,18,19,11,7,7
774.47,381,160,72,46,33,22,19,13,8,5
774.958,358,152,69,41,26,24,14,13,7,7
775.446,352,147,68,43,28,17,14,5,8,6
775.935,340,148,69,46,35,20,14,14,10,11
776.423,324,134,61,35,29,20,12,13,6,6
776.911,313,134,65,37,30,21,13,14,7,6
777.4,302,128,56,36,24,19,13,4,5,4
777.889,286,118,55,36,27,21,13,9,9,7
778.377,282,116,60,38,25,17,16,14,9,8
778.866,262,111,51,32,23,14,11,11,6,4
779.354,251,105,49,32,18,11,8,4,1,0
779.843,247,102,47,28,24,14,12,6,5,2
780.332,235,96,46,25,20,14,10,9,7,6
780.821,217,91,41,28,17,14,10,5,2,4
781.309,208,86,38,27,18,13,8,4,4,0
781.798,206,83,40,27,20,10,9,3,5,2
782.287,196,83,38,23,16,10,11,2,6,3
782.776,193,82,41,28,21,9,14,7,7,3
783.265,178,75,35,17,19,8,6,8,4,-1
783.754,170,70,33,19,13,15,9,8,5,1
784.243,163,72,32,20,16,12,10,7,3,6
784.732,145,61,25,13,7,2,8,-1,-5,-1
785.221,148,58,31,20,16,5,10,7,5,6
785.71,135,55,21,15,11,7,4,5,3,0
786.199,131,56,22,17,15,7,7,7,3,2
786.689,124,51,23,14,9,10,2,5,4,5
787.178,117,49,25,15,10,8,11,7,4,6
787.667,110,43,23,14,8,7,3,4,4,5
788.157,106,44,19,14,12,6,5,7,4,3
788.646,99,41,18,14,10,8,6,7,0,2
789.135,97,43,19,11,9,6,10,1,2,1
789.625,95,40,23,11,10,11,7,4,4,1
790.114,82,37,17,14,11,8,9,1,1,5
790.604,77,26,8,8,2,-2,-2,-2,-2,0
791.093,80,34,13,16,4,9,4,8,1,8
791.583,74,35,17,11,10,8,5,1,1,3
792.073,80,36,16,14,11,6,5,3,5,4
792.562,76,30,19,14,5,4,5,4,5,2
793.052,68,30,12,9,9,6,8,4,1,2
793.542,61,19,8,6,1,-2,-5,-2,-5,-4
794.032,69,30,13,11,7,5,7,3,0,4
794.522,60,24,12,3,5,2,-1,-1,0,-2
795.011,64,27,8,8,5,2,-1,3,1,4
795.501,60,22,9,7,5,5,4,1,2,-4
795.991,56,23,9,9,5,6,6,2,1,4
796.481,54,22,11,5,4,0,8,1,-3,2
796.971,51,21,11,7,6,3,4,7,-2,0
797.461,50,24,8,4,7,2,3,1,3,-3
797.952,54,22,12,8,10,9,9,5,6,8
798.442,48,18,5,7,1,0,-1,8,-3,-2
798.932,49,17,10,9,6,1,3,-1,2,0
799.422,39,14,8,6,0,0,0,-1,0,-4
799.912,45,19,10,3,2,4,3,1,3,6
800.403,45,21,10,8,7,3,3,5,4,1
800.893,39,16,9,2,2,4,7,1,-3,5
801.383,37,16,9,4,4,5,6,-2,3,1
801.874,41,18,14,7,8,5,5,6,1,3
802.364,36,13,5,6,7,7,3,4,-1,-1
802.855,38,18,4,5,0,1,2,4,0,4
803.345,31,18,4,3,2,2,2,0,-2,1
803.836,39,14,12,5,8,6,6,7,2,7
804.327,34,15,10,5,6,4,6,4,0,6
804.817,34,12,10,7,4,8,5,8,4,2
805.308,31,15,6,5,3,3,4,1,1,3
805.799,28,17,5,4,1,2,2,-3,-1,-4
806.289,26,10,12,6,5,3,4,1,2,2
806.78,29,13,9,6,9,5,4,3,3,2
807.271,30,13,6,0,5,4,5,0,2,-2
807.762,19,4,-1,2,-5,-1,-4,-1,-3,-1
808.253,30,17,5,8,5,4,4,3,1,1
808.744,29,15,8,3,6,1,3,4,5,1
809.235,27,9,5,2,3,4,3,2,4,1
809.726,29,11,5,4,1,6,3,4,0,2
810.217,23,7,3,2,0,2,-2,-1,0,1
810.708,22,12,8,6,8,3,7,6,0,7
811.199,21,9,8,3,1,0,4,-2,3,1
811.69,19,11,7,2,1,3,4,2,5,2
812.182,17,9,6,3,1,-4,0,-1,0,2
812.673,25,14,3,4,4,3,1,5,2,5
813.164,24,17,5,3,4,6,3,4,6,5
813.656,23,10,4,1,4,5,2,3,4,-2
814.147,21,9,6,-1,2,4,0,0,2,3
814.638,24,14,6,6,4,6,6,3,6,6
815.13,21,10,7,5,5,-1,0,1,2,1
815.621,22,8,1,1,-1,2,1,-3,-4,-5
816.113,25,12,5,4,3,7,5,2,0,4
816.604,16,7,3,1,4,2,1,3,2,0
817.096,20,12,8,4,9,6,6,2,-1,4
817.588,22,13,4,6,5,2,7,2,5,2
818.079,19,9,9,5,2,-2,4,3,1,-1
818.571,20,7,3,4,-4,2,-1,-1,-1,0
819.063,20,7,1,7,0,3,5,1,2,3
819.555,20,8,5,2,3,6,0,0,1,5
820.047,21,7,3,1,2,2,4,1,3,-5
820.538,22,9,5,2,3,2,5,-1,-1,2
821.03,21,9,7,5,3,3,4,7,5,4
821.522,22,9,2,4,3,3,3,4,2,4
822.014,15,6,6,2,4,2,2,-1,2,2
822.506,25,11,2,3,4,1,5,0,3,3
822.998,23,10,7,4,2,0,1,1,0,2
823.491,18,8,6,4,5,-1,2,0,2,1
823.983,20,12,7,4,7,4,1,4,-3,1